Method,Scenario,Target_File,Training_Time_s,Sim_Calls_Optimization,Sim_Calls_Setup_Eval,Best_Fitness_Raw,Final_Calculated_Reward,Final_Cost,Proposed_Upgrades,Episode_Run_Time_s,Sim_Calls_Episode
GA,hanoi_sprawling_3,Step_50.inp,103.41095113754272,534.0,2.0,0.6340713267740961,0.6340713267740961,5268494.836476346,"[('1', 1.016, 0.762), ('2', 1.016, 0.3048), ('6', 0.3048, 0.508), ('8', 0.3048, 0.6096), ('9', 0.3048, 0.508), ('10', 1.016, 0.3048), ('11', 1.016, 0.508), ('12', 1.016, 0.4064), ('13', 0.3048, 0.762), ('15', 0.3048, 0.4064), ('18', 0.3048, 0.762), ('19', 0.3048, 0.6096), ('20', 0.3048, 0.6096), ('21', 1.016, 0.4064), ('22', 1.016, 0.762), ('24', 0.3048, 0.6096), ('26', 0.3048, 0.4064), ('27', 0.3048, 0.508), ('28', 0.3048, 0.4064), ('30', 0.3048, 0.508), ('31', 0.3048, 0.4064), ('32', 0.3048, 0.4064), ('pipe_33_13', 0.01, 0.508), ('pipe_35_33', 0.01, 0.3048), ('pipe_37_31', 0.01, 0.508), ('pipe_37_35', 0.01, 0.3048)]",,
DRL,hanoi_sprawling_3,Step_50.inp,,,,,0.5849200430609403,7895557.5025894735,Inspect DRL agent's actions on final step via other means,34.84582185745239,3558.0
