Method,Scenario,Target_File,Training_Time_s,Sim_Calls_Optimization,Sim_Calls_Setup_Eval,Best_Fitness_Raw,Final_Calculated_Reward,Final_Cost,Proposed_Upgrades,Episode_Run_Time_s,Sim_Calls_Episode
GA,hanoi_sprawling_3,Step_50.inp,175.706866979599,814.0,2.0,0.6508827057436124,0.6508827057436124,4455950.55522377,"[('1', 1.016, 0.762), ('2', 1.016, 0.3048), ('4', 0.3048, 0.4064), ('7', 0.3048, 0.4064), ('10', 1.016, 0.4064), ('11', 1.016, 0.6096), ('12', 1.016, 0.4064), ('15', 0.3048, 0.6096), ('18', 0.3048, 0.762), ('19', 0.3048, 0.762), ('21', 1.016, 0.4064), ('22', 1.016, 0.508), ('24', 0.3048, 0.4064), ('25', 0.3048, 0.508), ('26', 0.3048, 0.4064), ('28', 0.3048, 0.4064), ('32', 0.3048, 0.508), ('34', 0.3048, 0.508), ('pipe_33_13', 0.01, 0.3048), ('pipe_35_33', 0.01, 0.762), ('pipe_37_31', 0.01, 0.4064), ('pipe_37_35', 0.01, 0.508)]",,
DRL,hanoi_sprawling_3,Step_50.inp,,,,,0.5726088584632661,7741019.757689474,Inspect DRL agent's actions on final step via other means,42.82693600654602,3558.0
