Method,Scenario,Target_File,Training_Time_s,Sim_Calls_Optimization,Sim_Calls_Setup_Eval,Best_Fitness_Raw,Final_Calculated_Reward,Final_Cost,Proposed_Upgrades,Episode_Run_Time_s,Sim_Calls_Episode
GA,anytown_sprawling_3,Step_50.inp,228.03680157661438,1598.0,2.0,0.917027772399321,0.917027772399321,8033526.49964547,"[('1', 0.3048, 0.762), ('2', 0.3048, 0.6096), ('4', 0.762, 0.6096), ('8', 0.3048, 0.508), ('12', 0.3048, 0.508), ('21', 0.3048, 0.4064), ('22', 0.3048, 0.508), ('24', 0.3048, 0.508), ('27', 0.3048, 0.4064), ('30', 0.3048, 0.4064), ('32', 0.3048, 0.508), ('33', 0.3048, 0.762), ('35', 0.3048, 0.508), ('37', 0.3048, 0.508), ('38', 0.3048, 0.762), ('40', 0.3048, 0.508), ('142', 0.3048, 0.6096), ('143', 0.3048, 0.508), ('114', 0.3048, 0.762), ('pipe_26_11', 0.01, 0.4064), ('pipe_26_12', 0.01, 0.4064), ('pipe_28_5', 0.01, 0.508), ('pipe_28_4', 0.01, 0.6096)]",,
DRL,anytown_sprawling_3,Step_50.inp,,,,,0.7045957780642232,1512685.4622345045,Inspect DRL agent's actions on final step via other means,33.37681484222412,4460.0
